{
  "train_loss": [
    0.5426222741603851,
    0.33531361222267153,
    0.2046632446348667,
    0.27539764940738676,
    0.1505044549703598,
    0.12324663177132607,
    0.11647080145776272,
    0.11583824977278709,
    0.16255875565111638,
    0.10911781825125218
  ],
  "train_acc": [
    66.25,
    87.5,
    96.25,
    92.5,
    96.25,
    97.5,
    98.75,
    98.75,
    96.25,
    97.5
  ],
  "val_loss": [
    0.4649306833744049,
    0.1044904092947642,
    0.03603042817364136,
    0.11149449770649274,
    0.09779009222984314,
    0.05215675011277199,
    0.05359964817762375,
    0.05001394574840864,
    0.054596517235040665,
    0.05920512725909551
  ],
  "val_acc": [
    85.0,
    95.0,
    100.0,
    95.0,
    100.0,
    100.0,
    100.0,
    100.0,
    100.0,
    100.0
  ]
}